instrument_id,symbol,effective_from,effective_to,reason,available_at
inst_syn_0001,SYN01,2018-03-05,,LISTING,2018-03-05T13:00:00Z
inst_syn_0002,SYN02,2016-09-12,,LISTING,2016-09-12T12:00:00Z
inst_syn_0003,SYN03,2019-05-20,,LISTING,2019-05-20T12:00:00Z
inst_syn_0004,SYN04,2020-10-01,,LISTING,2020-10-01T12:00:00Z
inst_syn_0005,SYN05,2015-02-17,,LISTING,2015-02-17T13:00:00Z
inst_syn_0006,SYN06,2017-06-19,,LISTING,2017-06-19T12:00:00Z
inst_syn_0007,SYN07,2021-03-15,2025-02-27,LISTING,2021-03-15T12:00:00Z
inst_syn_0007,SYN7R,2025-02-27,,RENAME,2025-02-20T22:00:00Z
inst_syn_0008,SYN08,2014-11-03,,LISTING,2014-11-03T13:00:00Z
inst_syn_0009,SYN09,2019-08-26,,LISTING,2019-08-26T12:00:00Z
inst_syn_0010,SYN10,2024-06-25,,LISTING,2024-06-18T21:00:00Z
inst_syn_0011,SYNX1,2012-04-02,,LISTING,2012-04-02T12:00:00Z
inst_syn_0012,SYNX2,2013-01-14,,LISTING,2013-01-14T13:00:00Z
