universe_id,instrument_id,action,effective_from,reason,available_at
SYN_ALL_V1,inst_syn_0001,ADD,2024-01-02,INITIAL,2024-01-02T13:00:00Z
SYN_ALL_V1,inst_syn_0002,ADD,2024-01-02,INITIAL,2024-01-02T13:00:00Z
SYN_ALL_V1,inst_syn_0003,ADD,2024-01-02,INITIAL,2024-01-02T13:00:00Z
SYN_ALL_V1,inst_syn_0004,ADD,2024-01-02,INITIAL,2024-01-02T13:00:00Z
SYN_ALL_V1,inst_syn_0005,ADD,2024-01-02,INITIAL,2024-01-02T13:00:00Z
SYN_ALL_V1,inst_syn_0006,ADD,2024-01-02,INITIAL,2024-01-02T13:00:00Z
SYN_ALL_V1,inst_syn_0007,ADD,2024-01-02,INITIAL,2024-01-02T13:00:00Z
SYN_ALL_V1,inst_syn_0008,ADD,2024-01-02,INITIAL,2024-01-02T13:00:00Z
SYN_ALL_V1,inst_syn_0009,ADD,2024-01-02,INITIAL,2024-01-02T13:00:00Z
SYN_ALL_V1,inst_syn_0011,ADD,2024-01-02,INITIAL,2024-01-02T13:00:00Z
SYN_ALL_V1,inst_syn_0012,ADD,2024-01-02,INITIAL,2024-01-02T13:00:00Z
SYN_ALL_V1,inst_syn_0010,ADD,2024-06-25,LISTING,2024-06-18T21:00:00Z
SYN_ALL_V1,inst_syn_0009,REMOVE,2025-04-28,DELISTING,2025-04-17T21:00:00Z
